{"0": {"d_max": 0.0645527118620781, "d_min": 0.00476657706601564}, "1": {"d_max": 0.8775, "d_min": 1e-08}, "2": {"d_max": 0.0583806873598356, "d_min": 1e-08}, "3": {"d_max": 0.0581202062700123, "d_min": 1e-08}}