{"0": {"d_max": 0.308420326806891, "d_min": 0.02236116710113278}, "1": {"d_max": 0.7144444444444443, "d_min": 1e-08}, "2": {"d_max": 0.07144680447244124, "d_min": 1e-08}, "3": {"d_max": 0.1250723129405311, "d_min": 1e-08}}