{"0": {"d_max": 0.3093597090785942, "d_min": 0.02297798071408846}, "1": {"d_max": 0.7557777777777778, "d_min": 1e-08}, "2": {"d_max": 0.05011385517800618, "d_min": 1e-08}, "3": {"d_max": 0.1201207384856694, "d_min": 1e-08}}