{"0": {"d_max": 0.3070112533993363, "d_min": 0.01031589541188168}, "1": {"d_max": 0.6524444444444445, "d_min": 1e-08}, "2": {"d_max": 0.1141278547369534, "d_min": 1e-08}, "3": {"d_max": 0.1324996746228236, "d_min": 1e-08}}