{"0": {"d_max": 0.3065415622634847, "d_min": 0.006300804848797984}, "1": {"d_max": 0.6317777777777779, "d_min": 1e-08}, "2": {"d_max": 0.1283548714917908, "d_min": 1e-08}, "3": {"d_max": 0.1349754618502544, "d_min": 1e-08}}