{"0": {"d_max": 0.3088900179427426, "d_min": 0.02321447362422496}, "1": {"d_max": 0.735111111111111, "d_min": 1e-08}, "2": {"d_max": 0.05721978771760387, "d_min": 1e-08}, "3": {"d_max": 0.1225965257131003, "d_min": 1e-08}}