{"0": {"d_max": 0.3102990913502973, "d_min": 0.02250499489381545}, "1": {"d_max": 0.7971111111111111, "d_min": 1e-08}, "2": {"d_max": 0.05301896993030004, "d_min": 1e-08}, "3": {"d_max": 0.1151691640308078, "d_min": 1e-08}}