{"0": {"d_max": 0.3074809445351879, "d_min": 0.01433098597496538}, "1": {"d_max": 0.6731111111111111, "d_min": 1e-08}, "2": {"d_max": 0.09990083798211599, "d_min": 1e-08}, "3": {"d_max": 0.1300238873953928, "d_min": 1e-08}}