{"0": {"d_max": 0.305258964733566, "d_min": 0.02599246192132637}, "1": {"d_max": 0.6911111111111112, "d_min": 1e-08}, "2": {"d_max": 0.05165129673820636, "d_min": 1e-08}, "3": {"d_max": 0.1374179382737153, "d_min": 1e-08}}