{"0": {"d_max": 0.3079506356710395, "d_min": 0.01834607653804908}, "1": {"d_max": 0.6937777777777778, "d_min": 1e-08}, "2": {"d_max": 0.08567382122727862, "d_min": 1e-08}, "3": {"d_max": 0.1275481001679619, "d_min": 1e-08}}