{"0": {"d_max": 0.3098294002144457, "d_min": 0.02274148780395195}, "1": {"d_max": 0.7764444444444445, "d_min": 1e-08}, "2": {"d_max": 0.051308391313182, "d_min": 1e-08}, "3": {"d_max": 0.1176449512582386, "d_min": 1e-08}}